{
    "overall_test_loss": 0.5682075405602247,
    "overall_test_accuracy": 0.9258686873722518,
    "group_accuracies": [
        1.0,
        1.0,
        0.9,
        0.9,
        0.8,
        1.0,
        1.0,
        0.9,
        0.8,
        1.0
    ],
    "confusion_matrix": [
        [
            29902,
            0
        ],
        [
            4461,
            25814
        ]
    ],
    "classification_report": {
        "0.0": {
            "precision": 0.870180135610977,
            "recall": 1.0,
            "f1-score": 0.9305842993853575,
            "support": 29902.0
        },
        "1.0": {
            "precision": 1.0,
            "recall": 0.8526507018992568,
            "f1-score": 0.9204656884594127,
            "support": 30275.0
        },
        "accuracy": 0.9258686873722518,
        "macro avg": {
            "precision": 0.9350900678054885,
            "recall": 0.9263253509496284,
            "f1-score": 0.9255249939223851,
            "support": 60177.0
        },
        "weighted avg": {
            "precision": 0.9354924043245665,
            "recall": 0.9258686873722518,
            "f1-score": 0.9254936344172969,
            "support": 60177.0
        }
    }
}