{
    "overall_test_loss": 0.4479303731168368,
    "overall_test_accuracy": 0.8730578127856158,
    "group_accuracies": [
        1.0,
        0.8,
        1.0,
        0.9,
        0.9,
        1.0,
        1.0,
        0.6,
        0.9,
        0.9
    ],
    "confusion_matrix": [
        [
            24595,
            5516
        ],
        [
            2123,
            27943
        ]
    ],
    "classification_report": {
        "0.0": {
            "precision": 0.9205404596152407,
            "recall": 0.816811132144399,
            "f1-score": 0.8655791937215154,
            "support": 30111.0
        },
        "1.0": {
            "precision": 0.8351415164828596,
            "recall": 0.9293886782412026,
            "f1-score": 0.8797481306572216,
            "support": 30066.0
        },
        "accuracy": 0.8730578127856158,
        "macro avg": {
            "precision": 0.8778409880490501,
            "recall": 0.8730999051928008,
            "f1-score": 0.8726636621893684,
            "support": 60177.0
        },
        "weighted avg": {
            "precision": 0.8778729184580184,
            "recall": 0.8730578127856158,
            "f1-score": 0.8726583644663005,
            "support": 60177.0
        }
    }
}