{
    "overall_test_loss": 0.5274405816092881,
    "overall_test_accuracy": 0.9493660368579357,
    "group_accuracies": [
        1.0,
        0.8,
        1.0,
        1.0,
        1.0,
        1.0,
        1.0,
        0.8,
        0.7,
        0.9
    ],
    "confusion_matrix": [
        [
            27064,
            3047
        ],
        [
            0,
            30066
        ]
    ],
    "classification_report": {
        "0.0": {
            "precision": 1.0,
            "recall": 0.8988077446780246,
            "f1-score": 0.9467074770441627,
            "support": 30111.0
        },
        "1.0": {
            "precision": 0.9079817594298312,
            "recall": 1.0,
            "f1-score": 0.9517719495401953,
            "support": 30066.0
        },
        "accuracy": 0.9493660368579357,
        "macro avg": {
            "precision": 0.9539908797149156,
            "recall": 0.9494038723390124,
            "f1-score": 0.949239713292179,
            "support": 60177.0
        },
        "weighted avg": {
            "precision": 0.9540252850593632,
            "recall": 0.9493660368579357,
            "f1-score": 0.9492378197010867,
            "support": 60177.0
        }
    }
}