{
    "overall_test_loss": 0.5177010188193935,
    "overall_test_accuracy": 0.8806853116639247,
    "group_accuracies": [
        1.0,
        0.7,
        1.0,
        0.9,
        0.9,
        1.0,
        1.0,
        0.5,
        0.7,
        0.9
    ],
    "confusion_matrix": [
        [
            22931,
            7180
        ],
        [
            0,
            30066
        ]
    ],
    "classification_report": {
        "0.0": {
            "precision": 1.0,
            "recall": 0.7615489356049284,
            "f1-score": 0.8646355718110177,
            "support": 30111.0
        },
        "1.0": {
            "precision": 0.8072276217580411,
            "recall": 1.0,
            "f1-score": 0.8933325410030901,
            "support": 30066.0
        },
        "accuracy": 0.8806853116639247,
        "macro avg": {
            "precision": 0.9036138108790206,
            "recall": 0.8807744678024643,
            "f1-score": 0.8789840564070539,
            "support": 60177.0
        },
        "weighted avg": {
            "precision": 0.903685887893668,
            "recall": 0.8806853116639247,
            "f1-score": 0.8789733266962537,
            "support": 60177.0
        }
    }
}