{
    "overall_test_loss": 0.5712121139804057,
    "overall_test_accuracy": 0.9250876580753444,
    "group_accuracies": [
        1.0,
        0.9,
        0.9,
        0.9,
        0.8,
        1.0,
        1.0,
        0.9,
        0.8,
        1.0
    ],
    "confusion_matrix": [
        [
            29902,
            0
        ],
        [
            4508,
            25767
        ]
    ],
    "classification_report": {
        "0.0": {
            "precision": 0.8689915722173787,
            "recall": 1.0,
            "f1-score": 0.9299042169424058,
            "support": 29902.0
        },
        "1.0": {
            "precision": 1.0,
            "recall": 0.8510982658959537,
            "f1-score": 0.9195603297526855,
            "support": 30275.0
        },
        "accuracy": 0.9250876580753444,
        "macro avg": {
            "precision": 0.9344957861086893,
            "recall": 0.9255491329479768,
            "f1-score": 0.9247322733475456,
            "support": 60177.0
        },
        "weighted avg": {
            "precision": 0.9349018062124077,
            "recall": 0.9250876580753444,
            "f1-score": 0.9247002156683511,
            "support": 60177.0
        }
    }
}