{
    "overall_test_loss": 0.5335298731337191,
    "overall_test_accuracy": 0.8809678116223807,
    "group_accuracies": [
        1.0,
        0.7,
        1.0,
        0.9,
        0.9,
        1.0,
        1.0,
        0.5,
        0.7,
        0.9
    ],
    "confusion_matrix": [
        [
            22962,
            7149
        ],
        [
            14,
            30052
        ]
    ],
    "classification_report": {
        "0.0": {
            "precision": 0.9993906685236769,
            "recall": 0.7625784596991133,
            "f1-score": 0.8650705445777686,
            "support": 30111.0
        },
        "1.0": {
            "precision": 0.8078277465659526,
            "recall": 0.9995343577462915,
            "f1-score": 0.893513907265078,
            "support": 30066.0
        },
        "accuracy": 0.8809678116223807,
        "macro avg": {
            "precision": 0.9036092075448148,
            "recall": 0.8810564087227024,
            "f1-score": 0.8792922259214233,
            "support": 60177.0
        },
        "weighted avg": {
            "precision": 0.9036808323473813,
            "recall": 0.8809678116223807,
            "f1-score": 0.8792815910333354,
            "support": 60177.0
        }
    }
}