{
    "overall_test_loss": 0.5497165189919385,
    "overall_test_accuracy": 0.861990461471991,
    "group_accuracies": [
        0.8,
        1.0,
        1.0,
        0.9,
        0.8,
        0.9,
        0.8,
        1.0,
        0.9,
        1.0
    ],
    "confusion_matrix": [
        [
            21597,
            8305
        ],
        [
            0,
            30275
        ]
    ],
    "classification_report": {
        "0.0": {
            "precision": 1.0,
            "recall": 0.7222593806434352,
            "f1-score": 0.8387347327132566,
            "support": 29902.0
        },
        "1.0": {
            "precision": 0.7847330222913427,
            "recall": 1.0,
            "f1-score": 0.8793842132016556,
            "support": 30275.0
        },
        "accuracy": 0.861990461471991,
        "macro avg": {
            "precision": 0.8923665111456713,
            "recall": 0.8611296903217176,
            "f1-score": 0.8590594729574561,
            "support": 60177.0
        },
        "weighted avg": {
            "precision": 0.8916993577258819,
            "recall": 0.861990461471991,
            "f1-score": 0.8591854534501873,
            "support": 60177.0
        }
    }
}