Draw Index,sum,Odd/Even Prediction,Odd/Even Probability,Big/Small Prediction,Big/Small Probability,Final Estimated Result,Chosen Model,Confidence,Recommended Bet
1,0.5006249933003191,Odd,0.5642,Big,0.9355,Big,Big/Small,0.4355,No
2,-0.5032273541255321,Even,0.4807,Big,0.7715,Big,Big/Small,0.2715,No
3,1.1029364017558296,Even,0.4895,Big,0.9335,Big,Big/Small,0.4335,No
4,0.2998545238151488,Even,0.4971,Big,0.8991,Big,Big/Small,0.3991,No
5,-0.5032273541255321,Odd,0.544,Big,0.8176,Big,Big/Small,0.3176,No
6,-0.7039978236107023,Even,0.4967,Big,0.7275,Big,Big/Small,0.2275,No
7,2.709100157637192,Even,0.4965,Big,0.9865,Big,Big/Small,0.4865,No
8,-0.3024568846403618,Even,0.4797,Big,0.8215,Big,Big/Small,0.3215,No
9,-0.7039978236107023,Odd,0.5418,Big,0.621,Big,Big/Small,0.121,No
10,-0.3024568846403618,Odd,0.5307,Big,0.8444,Big,Big/Small,0.3444,No
11,0.2998545238151488,Even,0.4466,Big,0.8058,Big,Big/Small,0.3058,No
12,0.7013954627854893,Odd,0.5156,Big,0.8679,Big,Big/Small,0.3679,No
13,-0.5032273541255321,Odd,0.5174,Big,0.7918,Big,Big/Small,0.2918,No
14,0.2998545238151488,Odd,0.5257,Big,0.8379,Big,Big/Small,0.3379,No
15,-0.3024568846403618,Even,0.4741,Big,0.8137,Big,Big/Small,0.3137,No
16,-1.1055387625810429,Odd,0.5533,Big,0.5826,Big,Big/Small,0.0826,No
17,-0.5032273541255321,Odd,0.5325,Big,0.8044,Big,Big/Small,0.3044,No
18,0.2998545238151488,Odd,0.535,Big,0.9139,Big,Big/Small,0.4139,No
19,0.0990840543299785,Odd,0.5054,Big,0.8284,Big,Big/Small,0.3284,No
20,-0.3024568846403618,Odd,0.5663,Big,0.6801,Big,Big/Small,0.1801,No
